{"stats":{"minecraft:custom":{"minecraft:time_since_rest":11716,"minecraft:sprint_one_cm":93634,"minecraft:damage_taken":970,"minecraft:walk_one_cm":410391,"minecraft:mob_kills":16,"minecraft:damage_dealt":11226,"minecraft:damage_dealt_absorbed":80,"minecraft:fly_one_cm":102027,"minecraft:crouch_one_cm":19,"minecraft:play_time":139913,"minecraft:deaths":4,"minecraft:sneak_time":308,"minecraft:walk_under_water_one_cm":313,"minecraft:damage_dealt_resisted":2048,"minecraft:jump":202,"minecraft:interact_with_grindstone":1,"minecraft:leave_game":49,"minecraft:walk_on_water_one_cm":2660,"minecraft:time_since_death":11668,"minecraft:total_world_time":1797749},"minecraft:picked_up":{"annoying_villager:diamond_long_sword":4,"minecraft:diamond_block":8,"annoying_villager:woopie":10,"minecraft:diamond":32,"minecraft:iron_block":6,"minecraft:enchanted_golden_apple":20,"minecraft:iron_sword":1,"annoying_villager:legendary_sword_greatsword":1,"minecraft:ender_pearl":39},"minecraft:killed_by":{"annoying_villager:angry_steve":2,"annoying_villager:x_grave_x":1},"minecraft:killed":{"annoying_villager:hot_dog":3,"annoying_villager:steve_fight":1,"annoying_villager:grave":3,"annoying_villager:steve":4,"annoying_villager:mustard":3,"annoying_villager:angry_steve":1},"minecraft:used":{"epicfight:skillbook":1,"minecraft:water_bucket":4,"minecraft:lava_bucket":2,"annoying_villager:angry_steve_spawn_egg":8,"annoying_villager:blue_demon_spawn_egg":2,"annoying_villager:steve_spawn_egg":7,"annoying_villager:bluedemon_2_spawn_egg":1,"annoying_villager:mustard_spawn_egg":4,"annoying_villager:legendy_sword":81,"annoying_villager:x_grave_x_spawn_egg":8,"annoying_villager:grave_fight_spawn_egg":8,"minecraft:diamond_sword":2,"annoying_villager:grave_spawn_egg":6,"minecraft:grindstone":1,"minecraft:bucket":2,"annoying_villager:steve_fight_spawn_egg":6}},"DataVersion":3465}