{
  "collider": {
    "number": 3,
    "size": [
      0.5,
      0.8,
      1.0
    ],
    "center": [
      0.0,
      0.0,
      -1.0
    ]
  },
  "hit_sound": "epicfight:entity.hit.blunt",
  "livingmotion_modifier": {
    "two_hand": {
      "idle": "jjj:biped/legendarygodsword_idle",
      "run": "wom:biped/living/torment_berserk_run",
      "block": "epicfight:biped/skill/guard_greatsword",
      "walk": "wom:biped/living/torment_berserk_walk"
    },
    "one_hand": {
      "idle": "jjj:biped/legendarygodsword_idle",
      "run": "wom:biped/living/torment_berserk_run",
      "block": "epicfight:biped/skill/guard_greatsword",
      "walk": "wom:biped/living/torment_berserk_walk"
    }
  },
  "swing_sound": "epicfight:entity.weapon.whoosh_hard",
  "combos": {
    "two_hand": [
      "wom:biped/combat/torment_auto_1",
      "wom:biped/combat/torment_auto_2",
      "wom:biped/combat/solar_auto_1",
      "wom:biped/combat/solar_quemadura",
      "wom:biped/combat/katana_auto_2",
      "wom:biped/combat/solar_auto_4",
      "wom:biped/combat/ruine_auto_3",
      "wom:biped/combat/moonless_auto_1",
      "wom:biped/combat/torment_charged_attack_2",
      "wom:biped/combat/torment_auto_4",
      "wom:biped/combat/torment_charged_attack_1",
      "wom:biped/combat/torment_dash",
      "wom:biped/skill/torment_berserk_airslam"
    ],
    "one_hand": [
      "wom:biped/combat/torment_auto_1",
      "wom:biped/combat/torment_auto_2",
      "wom:biped/combat/solar_auto_1",
      "wom:biped/combat/solar_quemadura",
      "wom:biped/combat/katana_auto_2",
      "wom:biped/combat/solar_auto_4",
      "wom:biped/combat/ruine_auto_3",
      "wom:biped/combat/moonless_auto_1",
      "wom:biped/combat/torment_charged_attack_2",
      "wom:biped/combat/torment_auto_4",
      "wom:biped/combat/torment_charged_attack_1",
      "wom:biped/combat/torment_dash",
      "wom:biped/skill/torment_berserk_airslam"
    ]
  },
  "styles": {
    "default": "one_hand",
    "cases": [
      {
        "style": "two_hand",
        "conditions": [
          {
            "predicate": "epicfight:offhand_item_category",
            "category": "sword"
          }
        ]
      }
    ]
  },
  "category": "greatsword",
  "innate_skills": {
    "two_hand": "epicfight:steel_whirlwind",
    "one_hand": "epicfight:steel_whirlwind"
  }
}